epoch,time,train/box_loss,train/cls_loss,train/dfl_loss,metrics/precision(B),metrics/recall(B),metrics/mAP50(B),metrics/mAP50-95(B),val/box_loss,val/cls_loss,val/dfl_loss,lr/pg0,lr/pg1,lr/pg2
1,3.09214,1.19895,3.31229,1.23529,0.00333,1,0.05655,0.04137,1.05455,3.51193,1.19133,0.0005,0.0005,0.0005
2,3.607,1.15685,3.24241,1.12143,0.00333,1,0.0864,0.06554,1.08048,3.49761,1.19781,0.00115512,0.00115512,0.00115512
3,4.05444,1.11423,3.11043,1.16108,0.00333,1,0.0864,0.06554,1.08048,3.49761,1.19781,0.00179703,0.00179703,0.00179703
4,4.53878,0.99156,3.23252,1.10546,0.00333,1,0.09285,0.06818,1.16449,3.46877,1.20809,0.0019406,0.0019406,0.0019406
5,5.0098,1.12158,3.25247,1.18673,0.00333,1,0.09285,0.06818,1.16449,3.46877,1.20809,0.0019208,0.0019208,0.0019208
6,5.46592,1.06019,3.36782,1.17661,0.00333,1,0.05412,0.01611,1.07685,3.49343,1.23514,0.001901,0.001901,0.001901
7,5.89113,1.26128,3.38869,1.21961,0.00333,1,0.01923,0.00823,1.15424,3.50073,1.26604,0.0018812,0.0018812,0.0018812
8,6.33326,1.10456,3.17539,1.16297,0.00333,1,0.01923,0.00823,1.15424,3.50073,1.26604,0.0018614,0.0018614,0.0018614
9,6.86813,1.59901,3.64401,1.53655,0.00362,0.5,0.03612,0.00693,1.9519,4.44368,2.15538,0.0018416,0.0018416,0.0018416
10,7.37192,3.01493,5.82566,2.52822,0.00362,0.5,0.03612,0.00693,1.9519,4.44368,2.15538,0.0018218,0.0018218,0.0018218
11,7.90178,2.85328,5.28233,2.64746,0.016,0.33333,0.04242,0.01348,2.28256,4.51303,2.38155,0.001802,0.001802,0.001802
12,8.42865,3.07149,5.56968,2.6081,0.016,0.33333,0.04242,0.01348,2.28256,4.51303,2.38155,0.0017822,0.0017822,0.0017822
13,8.92008,2.36016,4.31375,1.95123,0.00222,0.66667,0.02158,0.00623,2.01377,4.73602,2.37067,0.0017624,0.0017624,0.0017624
14,9.42751,2.11242,3.65076,1.92383,0.00222,0.66667,0.00595,0.00088,2.02505,4.59907,2.0766,0.0017426,0.0017426,0.0017426
15,9.99055,1.45353,3.32978,1.65477,0.00222,0.66667,0.00595,0.00088,2.02505,4.59907,2.0766,0.0017228,0.0017228,0.0017228
16,10.5662,1.50974,3.10023,1.64619,0.00167,0.5,0.0022,0.00048,2.06077,5.78944,4.02215,0.001703,0.001703,0.001703
17,11.0676,1.27282,3.39722,1.46448,0.00167,0.5,0.0022,0.00048,2.06077,5.78944,4.02215,0.0016832,0.0016832,0.0016832
18,11.5928,1.23817,3.08547,1.38627,0.00333,1,0.00575,0.00238,1.71366,4.38237,2.42566,0.0016634,0.0016634,0.0016634
19,12.0848,1.33292,3.0161,1.46276,0.00333,1,0.00575,0.00238,1.71366,4.38237,2.42566,0.0016436,0.0016436,0.0016436
20,12.5751,1.19819,2.61949,1.35681,0.04201,0.5,0.03667,0.01674,1.65781,4.43937,1.95806,0.0016238,0.0016238,0.0016238
21,13.048,1.01439,2.4572,1.23517,0.12032,0.33333,0.21575,0.08956,1.61747,7.10471,1.81876,0.001604,0.001604,0.001604
22,13.6314,1.09556,2.05519,1.2409,0.12032,0.33333,0.21575,0.08956,1.61747,7.10471,1.81876,0.0015842,0.0015842,0.0015842
23,14.1315,1.06204,2.18441,1.25241,0.03371,0.33333,0.02279,0.00795,2.05896,16.7517,5.15367,0.0015644,0.0015644,0.0015644
24,14.6089,1.08147,1.98777,1.32369,0.03371,0.33333,0.02279,0.00795,2.05896,16.7517,5.15367,0.0015446,0.0015446,0.0015446
25,15.1135,1.09618,2.03718,1.32929,0.02743,0.33333,0.01896,0.00843,2.00439,15.0601,4.28214,0.0015248,0.0015248,0.0015248
26,15.6357,1.05613,2.0535,1.22346,0.02743,0.33333,0.01896,0.00843,2.00439,15.0601,4.28214,0.001505,0.001505,0.001505
27,16.108,0.96829,1.88452,1.16218,0.10302,0.33333,0.07337,0.03548,1.78007,17.4356,3.02374,0.0014852,0.0014852,0.0014852
28,16.5919,1.02117,1.98949,1.19322,0.375,0.5,0.20594,0.09278,1.87258,15.0818,2.19712,0.0014654,0.0014654,0.0014654
29,17.0878,0.98881,1.92435,1.19849,0.375,0.5,0.20594,0.09278,1.87258,15.0818,2.19712,0.0014456,0.0014456,0.0014456
30,17.6091,1.04908,1.54677,1.14836,0.0418,0.5,0.03535,0.01838,1.8238,48.9156,1.98847,0.0014258,0.0014258,0.0014258
31,18.111,0.87467,1.45748,1.1029,0.0418,0.5,0.03535,0.01838,1.8238,48.9156,1.98847,0.001406,0.001406,0.001406
32,18.6238,1.05746,2.06755,1.15372,0.5,0.16667,0.19938,0.14498,1.37866,35.2422,1.54789,0.0013862,0.0013862,0.0013862
33,19.1127,0.98655,1.80088,1.14756,0.5,0.16667,0.19938,0.14498,1.37866,35.2422,1.54789,0.0013664,0.0013664,0.0013664
34,19.6417,0.99965,1.81252,1.22593,0.54408,0.79891,0.68659,0.39683,1.31616,4.82045,1.82722,0.0013466,0.0013466,0.0013466
35,20.1576,1.01167,1.72871,1.29194,0.61273,0.5,0.64964,0.44643,1.32218,4.81951,1.63496,0.0013268,0.0013268,0.0013268
36,20.638,1.01377,1.54571,1.19502,0.61273,0.5,0.64964,0.44643,1.32218,4.81951,1.63496,0.001307,0.001307,0.001307
37,21.1745,0.87559,1.42306,1.09378,0.30639,0.66667,0.61703,0.45291,1.31461,6.19767,1.68691,0.0012872,0.0012872,0.0012872
38,21.7094,0.85395,1.41286,1.06178,0.30639,0.66667,0.61703,0.45291,1.31461,6.19767,1.68691,0.0012674,0.0012674,0.0012674
39,22.2217,0.87955,1.3178,1.05849,0.41187,0.66667,0.66084,0.40988,1.10394,6.26665,1.41026,0.0012476,0.0012476,0.0012476
40,22.7296,0.83794,1.38611,1.05169,0.41187,0.66667,0.66084,0.40988,1.10394,6.26665,1.41026,0.0012278,0.0012278,0.0012278
41,23.2214,0.92372,1.35043,1.09937,0.4208,0.66667,0.58389,0.38204,1.06193,6.63577,1.39405,0.001208,0.001208,0.001208
42,23.7397,0.84554,1.37164,1.11784,0.39431,0.66667,0.55013,0.41192,1.20603,6.47132,1.77029,0.0011882,0.0011882,0.0011882
43,24.2247,0.84924,1.3474,1.04459,0.39431,0.66667,0.55013,0.41192,1.20603,6.47132,1.77029,0.0011684,0.0011684,0.0011684
44,24.7454,0.85089,1.253,1.0947,0.42069,0.83333,0.62555,0.41841,1.06942,6.0439,1.40125,0.0011486,0.0011486,0.0011486
45,25.2322,0.83965,1.32774,1.05028,0.42069,0.83333,0.62555,0.41841,1.06942,6.0439,1.40125,0.0011288,0.0011288,0.0011288
46,25.748,0.79745,1.40329,1.10173,0.63832,0.8866,0.85833,0.62787,1.0022,3.70442,1.17136,0.001109,0.001109,0.001109
47,26.2646,0.8109,1.11817,1.04647,0.63832,0.8866,0.85833,0.62787,1.0022,3.70442,1.17136,0.0010892,0.0010892,0.0010892
48,26.7834,0.8511,1.19657,1.02214,0.65286,1,0.87167,0.68024,0.91207,2.74417,1.22803,0.0010694,0.0010694,0.0010694
49,27.2813,0.90506,1.23452,1.12088,0.62815,1,0.71833,0.51294,0.9008,3.2407,1.18297,0.0010496,0.0010496,0.0010496
50,27.7814,0.80707,1.29341,1.04554,0.62815,1,0.71833,0.51294,0.9008,3.2407,1.18297,0.0010298,0.0010298,0.0010298
51,28.2744,0.82407,1.20212,1.02526,0.46867,1,0.68964,0.45344,0.94047,3.53523,1.18964,0.00101,0.00101,0.00101
52,28.7949,0.88698,1.28828,1.15358,0.46867,1,0.68964,0.45344,0.94047,3.53523,1.18964,0.0009902,0.0009902,0.0009902
53,29.281,0.90512,1.12758,1.11611,0.49374,0.83333,0.63459,0.43315,0.98779,4.64502,1.23058,0.0009704,0.0009704,0.0009704
54,29.758,0.9479,1.56652,1.17901,0.49374,0.83333,0.63459,0.43315,0.98779,4.64502,1.23058,0.0009506,0.0009506,0.0009506
55,30.2755,0.84487,1.1285,1.0962,0.52937,0.94101,0.64338,0.47663,0.9662,3.94811,1.23893,0.0009308,0.0009308,0.0009308
56,30.8244,0.82194,1.07856,1.04055,0.61704,0.80858,0.75458,0.61829,0.85602,3.06056,1.16671,0.000911,0.000911,0.000911
57,31.319,0.8249,1.15737,1.109,0.61704,0.80858,0.75458,0.61829,0.85602,3.06056,1.16671,0.0008912,0.0008912,0.0008912
58,31.8394,0.82675,1.13087,1.05001,0.61839,0.83333,0.81243,0.62941,0.78158,2.25044,1.10595,0.0008714,0.0008714,0.0008714
59,32.3311,0.9095,1.2403,1.13149,0.61839,0.83333,0.81243,0.62941,0.78158,2.25044,1.10595,0.0008516,0.0008516,0.0008516
60,32.8313,0.87989,1.21549,1.09207,1,0.92762,0.995,0.81548,0.76571,1.62299,1.11942,0.0008318,0.0008318,0.0008318
61,33.35,0.88575,1.1619,1.14051,1,0.92762,0.995,0.81548,0.76571,1.62299,1.11942,0.000812,0.000812,0.000812
62,33.8695,0.79789,1.11185,1.05294,0.88685,1,0.995,0.81642,0.7168,1.61971,1.12854,0.0007922,0.0007922,0.0007922
63,34.3609,0.81503,1.0837,1.04924,0.81444,1,0.94786,0.79157,0.70709,1.89094,1.14109,0.0007724,0.0007724,0.0007724
64,34.8524,0.78162,1.05869,1.07275,0.81444,1,0.94786,0.79157,0.70709,1.89094,1.14109,0.0007526,0.0007526,0.0007526
65,35.3637,0.73513,1.02659,1.01972,0.63927,1,0.8931,0.68692,0.70797,2.09472,1.14225,0.0007328,0.0007328,0.0007328
66,35.8454,0.84994,1.12495,1.11529,0.63927,1,0.8931,0.68692,0.70797,2.09472,1.14225,0.000713,0.000713,0.000713
67,36.3689,0.78591,1.0873,1.08165,0.57587,1,0.77058,0.60029,0.69156,2.41589,1.16966,0.0006932,0.0006932,0.0006932
68,36.8723,0.7915,1.07382,1.05602,0.57587,1,0.77058,0.60029,0.69156,2.41589,1.16966,0.0006734,0.0006734,0.0006734
69,37.3644,0.79634,0.99677,1.07433,0.57175,0.83333,0.75477,0.58087,0.6864,2.44328,1.17822,0.0006536,0.0006536,0.0006536
70,37.8902,0.76997,0.9678,1.04453,0.65519,1,0.85833,0.68324,0.68571,2.01311,1.17455,0.0006338,0.0006338,0.0006338
71,38.368,0.69474,1.07198,1.01452,0.65519,1,0.85833,0.68324,0.68571,2.01311,1.17455,0.000614,0.000614,0.000614
72,38.8945,0.85806,1.048,1.11521,1,0.9973,0.995,0.81867,0.6976,1.58887,1.17178,0.0005942,0.0005942,0.0005942
73,39.4229,0.78667,0.96006,1.08101,1,0.9973,0.995,0.81867,0.6976,1.58887,1.17178,0.0005744,0.0005744,0.0005744
74,39.9549,0.75511,0.859,0.99332,0.96509,1,0.995,0.79667,0.71201,1.50559,1.17089,0.0005546,0.0005546,0.0005546
75,40.4472,0.73692,0.92885,0.95691,0.96509,1,0.995,0.79667,0.71201,1.50559,1.17089,0.0005348,0.0005348,0.0005348
76,40.9454,0.77858,0.94705,1.02159,0.96137,1,0.995,0.80403,0.73331,1.46821,1.16469,0.000515,0.000515,0.000515
77,41.4315,0.74749,0.92556,1.00147,0.97302,1,0.995,0.80167,0.73531,1.38435,1.15581,0.0004952,0.0004952,0.0004952
78,41.925,0.75043,0.88699,1.00647,0.97302,1,0.995,0.80167,0.73531,1.38435,1.15581,0.0004754,0.0004754,0.0004754
79,42.4115,0.72082,0.92721,1.01711,0.97942,1,0.995,0.80579,0.72628,1.2473,1.13801,0.0004556,0.0004556,0.0004556
80,42.9095,0.72606,1.02493,1.04377,0.97942,1,0.995,0.80579,0.72628,1.2473,1.13801,0.0004358,0.0004358,0.0004358
81,43.4187,0.76423,0.98749,1.10054,0.99087,1,0.995,0.81429,0.70132,1.21,1.12203,0.000416,0.000416,0.000416
82,43.9152,0.64943,0.92276,0.97647,0.99087,1,0.995,0.81429,0.70132,1.21,1.12203,0.0003962,0.0003962,0.0003962
83,44.4042,0.72291,0.98896,1.01429,0.9989,1,0.995,0.81429,0.66279,1.23047,1.09365,0.0003764,0.0003764,0.0003764
84,44.9055,0.71357,0.89455,1.0066,0.9992,1,0.995,0.85567,0.64303,1.20326,1.08189,0.0003566,0.0003566,0.0003566
85,45.4218,0.78762,1.01236,1.03072,0.9992,1,0.995,0.85567,0.64303,1.20326,1.08189,0.0003368,0.0003368,0.0003368
86,45.9501,0.63928,0.87659,0.97739,0.99012,1,0.995,0.88983,0.63432,1.15584,1.07736,0.000317,0.000317,0.000317
87,46.472,0.71184,0.92078,1.01292,0.99012,1,0.995,0.88983,0.63432,1.15584,1.07736,0.0002972,0.0002972,0.0002972
88,46.9935,0.7482,0.95616,0.97376,0.98411,1,0.995,0.88633,0.64841,1.14388,1.08094,0.0002774,0.0002774,0.0002774
89,47.4752,0.73189,0.99677,1.03452,0.98411,1,0.995,0.88633,0.64841,1.14388,1.08094,0.0002576,0.0002576,0.0002576
90,47.9785,0.74743,0.91204,0.9875,0.98339,1,0.995,0.8755,0.67805,1.1175,1.09369,0.0002378,0.0002378,0.0002378
91,49.161,0.73566,1.15334,1.03197,0.98322,1,0.995,0.8675,0.70472,1.0954,1.10814,0.000218,0.000218,0.000218
92,49.6672,0.70856,1.08871,1.01002,0.98322,1,0.995,0.8675,0.70472,1.0954,1.10814,0.0001982,0.0001982,0.0001982
93,50.1757,0.68752,1.14256,0.97672,0.98323,1,0.995,0.84317,0.73615,1.07991,1.11756,0.0001784,0.0001784,0.0001784
94,50.6717,0.62169,1.11714,0.95509,0.98323,1,0.995,0.84317,0.73615,1.07991,1.11756,0.0001586,0.0001586,0.0001586
95,51.1877,0.6416,1.08758,0.93401,0.9836,1,0.995,0.82333,0.76833,1.06559,1.13424,0.0001388,0.0001388,0.0001388
96,51.6764,0.63588,1.11226,0.99832,0.9836,1,0.995,0.82333,0.76833,1.06559,1.13424,0.000119,0.000119,0.000119
97,52.1989,0.68073,1.10754,0.9989,0.9845,1,0.995,0.82333,0.78674,1.05316,1.14633,9.92e-05,9.92e-05,9.92e-05
98,52.6887,0.63598,1.08079,1.00756,0.98614,1,0.995,0.82333,0.80162,1.04775,1.14843,7.94e-05,7.94e-05,7.94e-05
99,53.2038,0.65883,1.05537,0.93065,0.98614,1,0.995,0.82333,0.80162,1.04775,1.14843,5.96e-05,5.96e-05,5.96e-05
100,53.7065,0.6866,1.13148,1.05641,0.98618,1,0.995,0.83467,0.80568,1.0495,1.15165,3.98e-05,3.98e-05,3.98e-05
